"Store"	"Thumbprint"	"Subject"	"Issuer"	"NotAfter"	"IssuerThumbprint"	"EnhancedKeyUsage"	"SerialNumber"	"SubjectKeyIdentifier"	"AuthorityKeyIdentifier"	"Template"
"My"	"f9bd447e65f26392651fbb955b49507f4a79784d"	"CN=uiflows.gov.flow.microsoft.us, O=Microsoft Corporation, L=Redmond, S=Washington, C=US"	"CN=DigiCert SHA2 Secure Server CA, O=DigiCert Inc, C=US"	"5/1/2022 8:00:00 AM"	""	"Server Authentication / Client Authentication"	"0829850bda66238f1e39498e6ed7313a"	"8d488262de7690b7a28bd942f58e330aea4fac1e"	"0f80611c823161d52f28e78d4638b42ce1c6d9e2"	""
"My"	"f95f83d02eae59b7289546c643a0f5477b753e9b"	"CN=uiflows.high.flow.microsoft.us, O=Microsoft Corporation, L=Redmond, S=Washington, C=US"	"CN=DigiCert SHA2 Secure Server CA, O=DigiCert Inc, C=US"	"10/12/2021 8:00:00 AM"	""	"Server Authentication / Client Authentication"	"0d1d5c64bfac722321e598476ff1e5bc"	"5278ec6986916596a66924424d88969e5f7a5a5f"	"0f80611c823161d52f28e78d4638b42ce1c6d9e2"	""
"My"	"ec46099285026d0f0a68cca1f9088d60c4cf817e"	"CN=rpamsgsign3.api.powerautomate.cn, O=Shanghai Blue Cloud Technology Co. Ltd, S=Shanghai, C=CN"	"CN=DigiCert Basic RSA CN CA G2, O=DigiCert Inc, C=US"	"3/13/2022 8:00:00 AM"	""	"Server Authentication / Client Authentication"	"0f2e5c27293ff82d83e39c4c2ed0206f"	"c2ce1628714b68d29fd9c9dfb6ca499a984e19b2"	"06bda69b60795031bed5a9024aa0d095538b2f34"	""
"My"	"e7388bdbc0978949a55abf0544d06dd107f940d3"	"CN=NVIDIA GameStream Server"	"CN=NVIDIA GameStream Server"	"3/15/2041 11:36:16 AM"	""	""	"00f69ae85313f65506"	""	""	""
"My"	"d7985e5801904a2a94ca440406bcd330642e9a7a"	"CN=rpamsgsign3.api.flow.appsplatform.us, O=Microsoft Corporation, L=Redmond, S=Washington, C=US"	"CN=DigiCert SHA2 Secure Server CA, O=DigiCert Inc, C=US"	"3/18/2022 8:00:00 AM"	""	"Server Authentication / Client Authentication"	"0262b39160ac6d6a625d82e6be1c19aa"	"99fb3daddeaa15a4d9b04f5cd8a56d1562872b5b"	"0f80611c823161d52f28e78d4638b42ce1c6d9e2"	""
"My"	"d70415a6354842623ba8f2c541eb9f5857ad89dd"	"CN=uiflows.flow.microsoft.com"	"CN=Microsoft IT TLS CA 5, OU=Microsoft IT, O=Microsoft Corporation, L=Redmond, S=Washington, C=US"	"10/2/2021 8:01:07 PM"	""	"Client Authentication / Server Authentication"	"2d000bd2d33afefa0f7b610cae0000000bd2d3"	"0e39898dec0c8a271b65d020132462b5c4cfd56a"	"08fe259f74ea8704c2bcbb8ea8385f33c6d16c65"	"1.3.6.1.4.1.311.21.8.16155509.8105089.5391003.2969441.12400096.221.9744322.5884410"
"My"	"d668e120464b1255d28f98cae6f06d8868777901"	"CN=Charley Bailey Code Signing Cert"	"CN=Charley Bailey Code Signing Cert"	"5/6/2022 6:59:49 PM"	""	"Code Signing"	"16b511e8eb21d1a94f270133b8dabfe8"	"de25f22dbfffc85f6e70f7a93532ba360f529ccd"	""	""
"My"	"d53ff759751239ac927a5bd447c832f354c1fa92"	"CN=Charley Bailey Code Signing Cert"	"CN=Charley Bailey Code Signing Cert"	"5/6/2022 6:59:24 PM"	""	"Code Signing"	"18a51bb375968e8943066b19e1373641"	"242a931ab151a13a50e3f4fb9f86c959764e6e74"	""	""
"My"	"d469ffbde460fe09bdb8ae9fa6e4f63352e8b5fb"	"CN=rpamsgsign1.api.powerautomate.cn, O=Shanghai Blue Cloud Technology Co. Ltd, S=Shanghai, C=CN"	"CN=DigiCert Basic RSA CN CA G2, O=DigiCert Inc, C=US"	"3/13/2022 8:00:00 AM"	""	"Server Authentication / Client Authentication"	"03742bacbeaab7a75522f76d39b466a8"	"a26cb0721766454836149754517c8aeef037fbdb"	"06bda69b60795031bed5a9024aa0d095538b2f34"	""
"My"	"c1fd6843baa9797e5c9788d043065d746f0d7244"	"CN=uiflows.gov.flow.microsoft.us, O=Microsoft Corporation, L=Redmond, S=Washington, C=US"	"CN=DigiCert SHA2 Secure Server CA, O=DigiCert Inc, C=US"	"11/30/2021 6:59:59 PM"	""	"Server Authentication / Client Authentication"	"07416488e22c27459cf496fc8ae4a0b2"	"e66cbc1b4eadc771c8a75f5402b8644d7325a42d"	"0f80611c823161d52f28e78d4638b42ce1c6d9e2"	""
"My"	"bf88b3c3c58b62bbd39b27a3432d470a1cab3abf"	"CN=uiflows.gov.flow.microsoft.us, O=Microsoft Corporation, L=Redmond, S=Washington, C=US"	"CN=DigiCert SHA2 Secure Server CA, O=DigiCert Inc, C=US"	"10/12/2021 8:00:00 AM"	""	"Server Authentication / Client Authentication"	"0af4ca574b6631bda8efa3f5c2d37349"	"863f8a0440ce47dffe7a537f2633130d8ea8ca45"	"0f80611c823161d52f28e78d4638b42ce1c6d9e2"	""
"My"	"b6f38f55b3ec7ae6fa0d8fd149d2fca28eee0be8"	"CN=uiflows.high.flow.microsoft.us, O=Microsoft Corporation, L=Redmond, S=Washington, C=US"	"CN=DigiCert SHA2 Secure Server CA, O=DigiCert Inc, C=US"	"11/30/2021 6:59:59 PM"	""	"Server Authentication / Client Authentication"	"06dba5ce95d9022b62cb468b249b08ad"	"2039b1b05893f3f0a51cf802d599bc119df65527"	"0f80611c823161d52f28e78d4638b42ce1c6d9e2"	""
"My"	"a3d2f190fb0d35013fec18e6aa5ac2fa21aeed1b"	"CN=rpamsgsign1.api.flow.appsplatform.us, O=Microsoft Corporation, L=Redmond, S=Washington, C=US"	"CN=DigiCert SHA2 Secure Server CA, O=DigiCert Inc, C=US"	"3/18/2022 8:00:00 AM"	""	"Server Authentication / Client Authentication"	"0754c0c43d01575665e342885eaf2ced"	"b45b7b565b8d9a46a70301cca236a10718be525f"	"0f80611c823161d52f28e78d4638b42ce1c6d9e2"	""
"My"	"a2a83cc3fef9c5f3e01a3dcf809c0188b2e2fff3"	"CN=rpamsgsign2.api.powerautomate.cn, O=Shanghai Blue Cloud Technology Co. Ltd, S=Shanghai, C=CN"	"CN=DigiCert Basic RSA CN CA G2, O=DigiCert Inc, C=US"	"3/13/2022 8:00:00 AM"	""	"Server Authentication / Client Authentication"	"082bfc5acb291f2140ec87590c048c2a"	"148437f3bf7c2832ea8444efeb1f1a72f5955c4f"	"06bda69b60795031bed5a9024aa0d095538b2f34"	""
"My"	"86e5e9bbb462da78384e422575818ca045d0f498"	"CN=testPC1"	"CN=testPC1"	"5/6/2022 6:59:13 PM"	""	"Code Signing"	"54199eed991c2baf4e739f770b91c82d"	"75f06b7a6cdf4e5d815feab20dd655bab932803e"	""	""
"My"	"62ed03cf718231de158d45c4e9ec4558187b4e28"	"CN=uiflows.high.flow.microsoft.us, O=Microsoft Corporation, L=Redmond, S=Washington, C=US"	"CN=DigiCert SHA2 Secure Server CA, O=DigiCert Inc, C=US"	"10/20/2021 7:59:59 PM"	""	"Server Authentication / Client Authentication"	"0e3794d8046d6d9734dcb18f3ca6c836"	"a705cb0801b209e38bf1f1519dfc3a3df68debc6"	"0f80611c823161d52f28e78d4638b42ce1c6d9e2"	""
"My"	"62bfe6036f16e3be94ecfa121aee0930dd51508c"	"CN=rpamsgsign2.api.flow.appsplatform.us, O=Microsoft Corporation, L=Redmond, S=Washington, C=US"	"CN=DigiCert SHA2 Secure Server CA, O=DigiCert Inc, C=US"	"3/18/2022 8:00:00 AM"	""	"Server Authentication / Client Authentication"	"0860d26b48f05fc570caf783a5f21030"	"76f1f71470969d9bc06814fce0548ca3125f0c3b"	"0f80611c823161d52f28e78d4638b42ce1c6d9e2"	""
"My"	"5d3baba7ff4f6a799aa55f3691f5c83a39613550"	"CN=localhost"	"CN=localhost"	"12/31/9999 6:59:59 PM"	""	"Server Authentication"	"00e837402097dbb2bc"	""	""	""
"My"	"56c868d5789bd6ae4ea8f9c67dc517cff2660e1c"	"CN=uiflows.flow.microsoft.com, O=Microsoft Corporation, L=Redmond, S=WA, C=US"	"CN=Microsoft Azure TLS Issuing CA 02, O=Microsoft Corporation, C=US"	"9/5/2021 5:36:12 AM"	""	"Server Authentication"	"33000122b69c0b7886fb8463b70000000122b6"	"2b5823c5fa5fecaf02e734f660b78c1c0855b7dd"	"00ab91fc216226979aa8791b61419060a96267fd"	"1.3.6.1.4.1.311.21.8.15690651.3798470.4214446.239628.16526621.93.2977488.11009781"
"My"	"4806be7e4beaec05877461fa7d031bfa7fc3092c"	"CN=Windows Admin Center"	"CN=Windows Admin Center"	"3/17/2031 4:38:46 PM"	""	"Server Authentication"	"13edcd8eecafe39f4e303af41fcb2b3c"	"dbf29f686fd9531fafd772ab13b2031d89c960ef"	""	""
"My"	"468b8a65301b90946818a050dcc4d39189a64021"	"CN=Charley Bailey Code Signing Cert"	"CN=Charley Bailey Code Signing Cert"	"5/6/2022 6:59:14 PM"	""	"Code Signing"	"7fd240a2a6f98db042dcddb1caf9d34e"	"9165a2097366e443faac2e84159aa2a4dcd2f4bd"	""	""
"My"	"466a4c9ef45a882fe9650465b8c00f8e2e3fbecc"	"CN=uiflows.flow.microsoft.com, O=Microsoft Corporation, L=Redmond, S=WA, C=US"	"CN=Microsoft Azure TLS Issuing CA 06, O=Microsoft Corporation, C=US"	"11/26/2021 9:10:08 AM"	""	"Client Authentication / Server Authentication"	"33000608f78330bf6c251f37720000000608f7"	"88aa18557ebff0fe546bec4f0f72a1195dbafe79"	"d5c1673ac2a39df477525b59123829e65568bba5"	"1.3.6.1.4.1.311.21.8.15690651.3798470.4214446.239628.16526621.93.4272873.6083518"
"My"	"427ac4ae69f6bbee7b0474df693de1873462e055"	"CN=testPC1"	"CN=testPC1"	"5/6/2022 6:59:24 PM"	""	"Code Signing"	"1ae8ce9c9f9629a440cabd25b3b5e9de"	"6fc41cab4ee790c854bd0b709fa58872594061cb"	""	""
"My"	"27a5a768276821f0cec044d5a2b53ca85d2dcd86"	"CN=LJHG2793"	"CN=LJHG2793"	"5/6/2022 6:59:49 PM"	""	"Code Signing"	"432646c221eba6aa407eab775a870489"	"8614d3d3585d50d78bb8572e2bf65ee6b827ea84"	""	""
"My"	"056ccf3e854204627b856a85746cfd4fe53b706d"	"SERIALNUMBER=PMEVAL-D6778K-040 + CN=PCmover.LJHG2793.int.efwnow.com + E=charles.bailey@efwnow.com"	"C=US, S=Washington, L=Bellevue, O=""Laplink Software, Inc"", OU=Certification, E=PCmoverCA@laplink.com, CN=PCmoverCA1"	"5/12/2022 1:44:45 PM"	""	"Client Authentication / Server Authentication"	"06a7e8"	"f82bceb219c5d22f6a5f76d8963f186ee0635972"	"0669ae761603142744817b19ee51a7deb6cf016a"	""
"CA"	"fee449ee0e3965a5246f000e87fde2a065fd89d4"	"CN=Root Agency"	"CN=Root Agency"	"12/31/2039 6:59:59 PM"	""	""	"06376c00aa00648a11cfb8d4aa5c35f4"	""	"12e4092d061d1d4f008d6121dc166463"	""
"CA"	"fbbb13d924238109ee102086fe4087e3a741bc69"	"CN=LJHG2793"	"CN=LJHG2793"	"3/16/2022 8:00:00 PM"	""	"Server Authentication"	"16f5a6cb2a8f2d814f14c8cca8dd4c77"	"8f4e6fec9a66c54c1468e0db09f4f4210f4724b3"	""	""
"CA"	"fb17c4cd76745eaa18edeb80a378ec4d3df0ff7c"	"CN=LJHG2793"	"CN=LJHG2793"	"3/23/2022 8:00:00 PM"	""	"Server Authentication"	"7adc7e105a8dec8f4708c686a49e0669"	"f2a7cfc1923e89788b77224335016f64f6b338ea"	""	""
"CA"	"faa6af6bc70f56d10b86615f8ed66a73b5b4e016"	"CN=LJHG2793"	"CN=LJHG2793"	"3/24/2022 8:00:00 PM"	""	"Server Authentication"	"6cb8b65f0697869d459d9e0186c3d25e"	"841e6ecade67f68f50ab03910044a5af4e020f4f"	""	""
"CA"	"f44e4bd5ca39ef6945cc91af286823d24dc38cdb"	"CN=LJHG2793"	"CN=LJHG2793"	"4/4/2022 8:00:00 PM"	""	"Server Authentication"	"381ca16a065e7ab941917527537d5ab9"	"b4a53a8ca35284d6dac79a7f3d654f70f210437c"	""	""
"CA"	"f23fadb976f6c543ba6923058bc60ee86d832874"	"CN=LJHG2793"	"CN=LJHG2793"	"3/14/2022 8:00:00 PM"	""	"Server Authentication"	"5f4b5c0b075865bd46178a73c0b7b8b7"	"95c3847fef7299c8bc794150da5c3e08f6ff5a08"	""	""
"CA"	"f230641dae53a9b4a0967618cc1b282098e29a69"	"CN=LJHG2793"	"CN=LJHG2793"	"3/16/2022 8:00:00 PM"	""	"Server Authentication"	"17048f3b2babde9e4b2c7ed0957b2d61"	"0c0718b2e55e33ed09bb518aa3cce755ba91c32f"	""	""
"CA"	"ef83b0c8c7e51248c45cebbf60e4a16bd1783d50"	"CN=LJHG2793"	"CN=LJHG2793"	"4/5/2022 8:00:00 PM"	""	"Server Authentication"	"258c2be790a9f7bc422b0d1f7a9acd2e"	"0b26a8e41f28ace5c2c10f130fd0f564d06a1409"	""	""
"CA"	"ee5212bdf8f14117ce30050932f3fd7c2a7785fa"	"CN=LJHG2793"	"CN=LJHG2793"	"3/17/2022 8:00:00 PM"	""	"Server Authentication"	"181ff0eed115b9a1443b1113bbf18555"	"a1aacd32e34bddf55052ad0ab911f9b75cdc0537"	""	""
"CA"	"edd592e9141e68b44f60de1b4d59d25f0ce4c415"	"CN=LJHG2793"	"CN=LJHG2793"	"4/19/2022 8:00:00 PM"	""	"Server Authentication"	"38dcdc02648fc8ae48eef5f8b4ff51e9"	"95ce1cbadf38a7ea287a84ca30c67232decb7c87"	""	""
"CA"	"ed0181115bf6b23acb10dba15c732dfceccee4f3"	"CN=LJHG2793"	"CN=LJHG2793"	"4/7/2022 8:00:00 PM"	""	"Server Authentication"	"62ae814cbe980dac44ecc7f75dc17336"	"b5ba00570b7008871bf8356f7b73c28711ec73ec"	""	""
"CA"	"ec79528e266711a966eeffc6fe684628b9e6ee7a"	"CN=LJHG2793"	"CN=LJHG2793"	"5/7/2022 8:00:00 PM"	""	"Server Authentication"	"2bdaaaedc507518d45833293b71e9feb"	"a74e659734e1c1b330a74c649c19b59d54562ed4"	""	""
"CA"	"e97b4abc8d7393928ee7e0d0d9f83ab2b7930fd9"	"CN=LJHG2793"	"CN=LJHG2793"	"3/29/2022 8:00:00 PM"	""	"Server Authentication"	"1d6341197da1b0b84b2436f4d6a71b39"	"c3adecfb94fd1ac5b002cedf04f38b56fdc48384"	""	""
"CA"	"e9280c9e172c5ea67f560c06502ecc1aa3c8c19b"	"CN=LJHG2793"	"CN=LJHG2793"	"4/20/2022 8:00:00 PM"	""	"Server Authentication"	"1caa396cef92a2ab4fcc6b11945977cc"	"01a06f8ddba33a3540ee16680b45d0f0a29905be"	""	""
"CA"	"e7ddcf313a72d571fcad76d0b768cee8dc9d478a"	"CN=LJHG2793"	"CN=LJHG2793"	"4/20/2022 8:00:00 PM"	""	"Server Authentication"	"56f8f0c46348289b44c5d2f2a420cb85"	"21169df437c6afc8370f26529aa2aa392440a72d"	""	""
"CA"	"e4d2df75df3c794b8d46248a3581259a89e7cd2d"	"CN=LJHG2793"	"CN=LJHG2793"	"4/12/2022 8:00:00 PM"	""	"Server Authentication"	"6821ee5f5d7efdac4ba53185339e8eca"	"0ced754af49479208148fad98204ec452f41bd59"	""	""
"CA"	"de8a29b8880ff6dd8f6c306fb6c25573a33cb3f6"	"CN=LJHG2793"	"CN=LJHG2793"	"4/22/2022 8:00:00 PM"	""	"Server Authentication"	"528ec51039d6719d43202d8a829b0f8b"	"5dec9b5acf4d16690f5a9a22420d94028862f79b"	""	""
"CA"	"d7739f41cc3aed95494b04541997e6154fa5f4f0"	"CN=LJHG2793"	"CN=LJHG2793"	"3/16/2022 8:00:00 PM"	""	"Server Authentication"	"6892eacb8d95118643982111ed9df0da"	"d9831f910d014d1187e6a430aad5d9419de5a7b6"	""	""
"CA"	"d6aee31631f7abc56b9de8abeccc4108a626b104"	"CN=DigiCert Global CA G2, O=DigiCert Inc, C=US"	"CN=DigiCert Global Root G2, OU=www.digicert.com, O=DigiCert Inc, C=US"	"8/1/2028 8:00:00 AM"	"df3c24f9bfd666761b268073fe06d1cc8d4f82a4"	""	"0c8ee0c90d6a89158804061ee241f9af"	"246e2b2dd06a925151256901aa9a47a689e74020"	"4e2254201895e6e36ee60ffafab912ed06178f39"	""
"CA"	"d668e120464b1255d28f98cae6f06d8868777901"	"CN=Charley Bailey Code Signing Cert"	"CN=Charley Bailey Code Signing Cert"	"5/6/2022 6:59:49 PM"	""	"Code Signing"	"16b511e8eb21d1a94f270133b8dabfe8"	"de25f22dbfffc85f6e70f7a93532ba360f529ccd"	""	""
"CA"	"d559a586669b08f46a30a133f8a9ed3d038e2ea8"	"OU=www.verisign.com/CPS Incorp.by Ref. LIABILITY LTD.(c)97 VeriSign, OU=VeriSign International Server CA - Class 3, OU=""VeriSign, Inc."", O=VeriSign Trust Network"	"OU=Class 3 Public Primary Certification Authority, O=""VeriSign, Inc."", C=US"	"10/24/2016 7:59:59 PM"	""	"Server Authentication / Client Authentication / 2.16.840.1.113730.4.1 / 2.16.840.1.113733.1.8.1"	"46fcebbab4d02f0f926098233f93078f"	""	""	""
"CA"	"d53ff759751239ac927a5bd447c832f354c1fa92"	"CN=Charley Bailey Code Signing Cert"	"CN=Charley Bailey Code Signing Cert"	"5/6/2022 6:59:24 PM"	""	"Code Signing"	"18a51bb375968e8943066b19e1373641"	"242a931ab151a13a50e3f4fb9f86c959764e6e74"	""	""
"CA"	"d4ffdb19ba590fffaa34db5f4b568706a2978436"	"CN=Microsoft TPM Root Certificate Authority 2014, O=Microsoft Corporation, L=Redmond, S=Washington, C=US"	"CN=Microsoft TPM Root Certificate Authority 2014, O=Microsoft Corporation, L=Redmond, S=Washington, C=US"	"12/10/2039 4:39:28 PM"	""	""	"5db6304e0cbf27bf49b8c869501e5dcb"	"7a8c0ace2f486217e294d1ae55c152ec7174a456"	""	""
"CA"	"d493c3542419c2109be5b63dd999b3e0274c85f7"	"CN=LJHG2793"	"CN=LJHG2793"	"3/16/2022 8:00:00 PM"	""	"Server Authentication"	"2aa8d0f880fc92a641fd51fe43b22792"	"ab10a4299e44dd46d9edcebae6797357556ff1d0"	""	""
"CA"	"d33a28279609191e25650b85758c0740d8741180"	"CN=LJHG2793"	"CN=LJHG2793"	"3/18/2022 8:00:00 PM"	""	"Server Authentication"	"5e9cf91f82d84ea94fbe9011a04df701"	"9ea5221ce5da69d7ba3dd4595508c67177ecb888"	""	""
"CA"	"d1ddd10c9d4e539f23ab2c42f3c7ca7f99cca3ae"	"CN=LJHG2793"	"CN=LJHG2793"	"4/14/2022 8:00:00 PM"	""	"Server Authentication"	"3809b49ff81313a94bf92260253338bf"	"dea34af366ec63b6f8c4c138e07c4535db50c234"	""	""
"CA"	"d0cd07b57f14a4c5a55a20b57856c7f3e9d3b730"	"CN=LJHG2793"	"CN=LJHG2793"	"5/4/2022 8:00:00 PM"	""	"Server Authentication"	"6f99411086191eb945fee5b5e839a1fc"	"6d41eaeef746bf9a4730dba759375c0d48831334"	""	""
"CA"	"cf682d5637dd704c359a6e10ab496bc43300c59d"	"CN=LJHG2793"	"CN=LJHG2793"	"4/14/2022 8:00:00 PM"	""	"Server Authentication"	"2556bd6669ffae99488d6fb00446bb56"	"1921a9c98848da4ffcf392d1164627ba56a29b65"	""	""
"CA"	"ce4fc815bab03328937c46aef848a62bfb8e2d47"	"CN=LJHG2793"	"CN=LJHG2793"	"4/18/2022 8:00:00 PM"	""	"Server Authentication"	"75b9d530b557038843fd75ad40bc3d81"	"ea46872f4c1f4412a922c3c173faf1461ffeed1d"	""	""
"CA"	"cd330989cbc8d4c4c6b43314ab77205478859495"	"CN=LJHG2793"	"CN=LJHG2793"	"4/15/2022 8:00:00 PM"	""	"Server Authentication"	"1159348c90a15795402b38ef47ab5751"	"5287046f7a1763bac7d6fcff5c49671c763a4a0a"	""	""
"CA"	"c9c079aa11ced05a438c54e98a9e49dc368c575f"	"CN=LJHG2793"	"CN=LJHG2793"	"4/18/2022 8:00:00 PM"	""	"Server Authentication"	"28138b977e4d5b9c4bf574f8f6991794"	"52324f2485d962632ff162cc607721a1e4b1d9db"	""	""
"CA"	"c4388e60178c727acb48e815fd0fdb7e3f056372"	"CN=LJHG2793"	"CN=LJHG2793"	"4/20/2022 8:00:00 PM"	""	"Server Authentication"	"17d455df6fc784bd4eb6a2e34e8f05f2"	"882b632b2eaa6ab642057a88d96d4ae6e5cb0c50"	""	""
"CA"	"c3b95070cb6acf805eeba79264a71030a6ea642b"	"CN=LJHG2793"	"CN=LJHG2793"	"3/31/2022 8:00:00 PM"	""	"Server Authentication"	"3af9c4d81e05a983444cba0fbc0c80bd"	"246119eeef4f15e3c5e8e4edae5d6d05631cc474"	""	""
"CA"	"c254f0b58934cc51a5921193b5cdcd8fcd301739"	"CN=LJHG2793"	"CN=LJHG2793"	"3/28/2022 8:00:00 PM"	""	"Server Authentication"	"2440fa48a0333ca649e1e6227bb021ce"	"66f5a72d85e4ac68edc11d0f145cfde3389f4a7c"	""	""
"CA"	"bf2d41d25b4d9fe9a40be3c5d0416b423bd7dc36"	"CN=LJHG2793"	"CN=LJHG2793"	"4/6/2022 8:00:00 PM"	""	"Server Authentication"	"602a328d2b48488c43c7c9ab4ea79da7"	"7dd49d004c38654b0a8dbb8bd21edfff1d6f94cf"	""	""
"CA"	"b976711796787e5fd0eceaec62177ebc87ef9b6e"	"CN=LJHG2793"	"CN=LJHG2793"	"5/6/2022 8:00:00 PM"	""	"Server Authentication"	"679e555cdfd93fbb4d92a958b7f5fbfb"	"b313eae581a968a4fb350967fb74e444cae83d20"	""	""
"CA"	"b88f09545bad504a3858ff36f0808504acf4bb7c"	"CN=LJHG2793"	"CN=LJHG2793"	"4/6/2022 8:00:00 PM"	""	"Server Authentication"	"23549c865b50dca5447ccc7c4ad7b4e8"	"8d6e3041bee21a5c2deeff49e0f5ed742c44ce9f"	""	""
"CA"	"b80fe684a49e93a3a56c02a2fed7bd6fbae0def4"	"CN=LJHG2793"	"CN=LJHG2793"	"4/26/2022 8:00:00 PM"	""	"Server Authentication"	"3694d82c8a59aa974576b03cab9cb644"	"71ee005cc2f466014d7357882ce2fd9245084fda"	""	""
"CA"	"b2ee68c8e38bee77de4097b8eb637731877504c6"	"CN=LJHG2793"	"CN=LJHG2793"	"4/15/2022 8:00:00 PM"	""	"Server Authentication"	"72aa516872afa4944e4bef65d1f014da"	"6c011035a164ae5062717568a151411df695e9bc"	""	""
"CA"	"b23633f55544303ee1369e2b68ba1b7befedbabb"	"CN=LJHG2793"	"CN=LJHG2793"	"4/7/2022 8:00:00 PM"	""	"Server Authentication"	"4885d1512d73a79a44837475f6a2a291"	"c5ccf2dbb79f162da0c8b325d23f60b308caac7d"	""	""
"CA"	"b16bcc3fe4ed710d57101d8b4e4f55bc10aa9bfa"	"CN=LJHG2793"	"CN=LJHG2793"	"4/10/2022 8:00:00 PM"	""	"Server Authentication"	"44a71767868b1a9d4a8bd5f7079207fa"	"0abea7c51342585a33fcc00e79c2d9d9dead29d9"	""	""
"CA"	"b01d3e5d07598fc23c44a731b27cef5ebc15360d"	"CN=LJHG2793"	"CN=LJHG2793"	"4/1/2022 8:00:00 PM"	""	"Server Authentication"	"359f12003cc994a64b7ebede3b683856"	"07ebabde73b6fb60637c7d3cddd46782c3409f56"	""	""
"CA"	"ae1b649644942fe308979d59a76c913385f5712b"	"CN=LJHG2793"	"CN=LJHG2793"	"4/11/2022 8:00:00 PM"	""	"Server Authentication"	"14aca1430f7482884139b3ad9ef6093f"	"ba08912f9f00556e68ca1ce40784dc5dc61265b9"	""	""
"CA"	"aba0d8dcc82d3391ddac58c64b915b9fab4c03b0"	"CN=LJHG2793"	"CN=LJHG2793"	"5/3/2022 8:00:00 PM"	""	"Server Authentication"	"35a8faa3708f70b94db8fd6286776952"	"a57e7d63fd9137cca0054f7502d80cf0f5b7001c"	""	""
"CA"	"ab1bffb93db073d7e13f06321091c4d4820d54b4"	"CN=LJHG2793"	"CN=LJHG2793"	"4/28/2022 8:00:00 PM"	""	"Server Authentication"	"2967a1ccc171da854cf29957f5c95571"	"3f81c471182361faa86a38eff03073f60943a773"	""	""
"CA"	"a99d34f8be777b01444dcc10bf9d3ceec3aa67bb"	"CN=LJHG2793"	"CN=LJHG2793"	"5/3/2022 8:00:00 PM"	""	"Server Authentication"	"65d1d9464d2c77ac4ad07e74023f5cbc"	"267e495644e4388eabb23ca5e27df4c10348de27"	""	""
"CA"	"a6380a901d8837d1f76c64fea5f99e2ff339784c"	"CN=LJHG2793"	"CN=LJHG2793"	"4/17/2022 8:00:00 PM"	""	"Server Authentication"	"142bd92a1af4588b4c4d17c8b13dd210"	"866eb444139feb41ab2f8da3d567f2053dae6f0a"	""	""
"CA"	"a18bec69bca8ac11f00344bef2724b4f3b96ad58"	"CN=LJHG2793"	"CN=LJHG2793"	"4/21/2022 8:00:00 PM"	""	"Server Authentication"	"27c783c70451fc974c714dc56bee1d62"	"ea652673321ae91dd1c6f8a337e3a98c584ed8f4"	""	""
"CA"	"a07a208c905787a32e596de1d83eeab8db6f3b45"	"CN=LJHG2793"	"CN=LJHG2793"	"5/6/2022 8:00:00 PM"	""	"Server Authentication"	"6a52ddb9ccb546b34125f0827e8d31b1"	"dbfe3b39d833d0711c1f3901af0abe937f3c6800"	""	""
"CA"	"992b6ff1a49f568f17475727283b3dfcddb93c19"	"CN=LJHG2793"	"CN=LJHG2793"	"5/4/2022 8:00:00 PM"	""	"Server Authentication"	"45bf27406cbe9d894cc387a283153c24"	"7e9d5be118f78e1ef674beac43d1c948cce8694a"	""	""
"CA"	"973759f2a033ce7dd3048de6c6b2c1019675b3cf"	"CN=LJHG2793"	"CN=LJHG2793"	"4/5/2022 8:00:00 PM"	""	"Server Authentication"	"592905326ad757bf48f1af23c71bf222"	"8337b7757e587a57b7221643d44a1ecdf2bb319f"	""	""
"CA"	"92a8b974bb4884a3ce9b505854bf12ba8f784cc2"	"CN=LJHG2793"	"CN=LJHG2793"	"4/15/2022 8:00:00 PM"	""	"Server Authentication"	"57aa93d076acecbd42939673c6b02582"	"bf004406634979fc6f07c8a24b117848eb439461"	""	""
"CA"	"9153874d0813cfc42030a90f85cd3ddbd7c1c5d1"	"CN=LJHG2793"	"CN=LJHG2793"	"3/31/2022 8:00:00 PM"	""	"Server Authentication"	"3b9248c9ee66a19d4c1ce8c74d75802e"	"44ad822d4c0a7248d6382b522c215629269ff5ad"	""	""
"CA"	"88c9f70140948b7d54c17d37cb9a87fff18d99eb"	"CN=LJHG2793"	"CN=LJHG2793"	"3/22/2022 8:00:00 PM"	""	"Server Authentication"	"1b4cb0a4fa3f95b14e3eda22485e884e"	"2b6605554d54c917ac0f79e5b6e2339fff4e5aa0"	""	""
"CA"	"86e5e9bbb462da78384e422575818ca045d0f498"	"CN=testPC1"	"CN=testPC1"	"5/6/2022 6:59:13 PM"	""	"Code Signing"	"54199eed991c2baf4e739f770b91c82d"	"75f06b7a6cdf4e5d815feab20dd655bab932803e"	""	""
"CA"	"8380b96d82bace6d06e74737f03f4aa7fb408401"	"CN=LJHG2793"	"CN=LJHG2793"	"4/13/2022 8:00:00 PM"	""	"Server Authentication"	"6617f4aed3099388433f95cdd2db0221"	"af0e489af5cf88a8dc5fde5cfcb9f168dbbcc4ee"	""	""
"CA"	"81b1da1220b16ac39f0151d4e4be159451c53401"	"CN=LJHG2793"	"CN=LJHG2793"	"3/14/2022 8:00:00 PM"	""	"Server Authentication"	"3738bd6e1edc4b8344f2d85d9de4fce4"	"6a0bfcb0e08134bff49af849a8dc6142dc99cbc6"	""	""
"CA"	"801334ae08eca5ce1ac579d43d1d8bca3dc69d4a"	"CN=LJHG2793"	"CN=LJHG2793"	"4/11/2022 8:00:00 PM"	""	"Server Authentication"	"1bbea8a691dc8ba64084dbb6ea41ff4a"	"df67faa9e89ffae6e56cd52370525821139ef9d3"	""	""
"CA"	"7c7d131db86325d3557fdf8944383dad82bd51af"	"CN=LJHG2793"	"CN=LJHG2793"	"4/1/2022 8:00:00 PM"	""	"Server Authentication"	"43c693d407e2abbc473d825205932172"	"d41a6d2c556d4ef74686bb0f004e8e31819eaf2e"	""	""
"CA"	"7aee5962112bd654defa2ef7cd56b6825e789588"	"CN=LJHG2793"	"CN=LJHG2793"	"3/31/2022 8:00:00 PM"	""	"Server Authentication"	"166451f3d2800e954d2d9db315989b47"	"6e3ebdd4d9e80eeb911b1d0fc15cc156e524389e"	""	""
"CA"	"7487a497952dd740564c09bdf5ba0c6a52fc8362"	"CN=LJHG2793"	"CN=LJHG2793"	"3/16/2022 8:00:00 PM"	""	"Server Authentication"	"120c51997842789743a5c6e9f2469f72"	"a79719f56e8f9797b7ac01f20c646ffdfcd241df"	""	""
"CA"	"73129f3c5dffd2e389b49b80a5f47fb0eb5fb05b"	"CN=LJHG2793"	"CN=LJHG2793"	"4/1/2022 8:00:00 PM"	""	"Server Authentication"	"7cb3d0290ae5efb94c4b22611f1ed2fc"	"2146ebdefde3df7261837cd658de6f9fcd17ad98"	""	""
"CA"	"72f4dee05cc8aaa9140ca17e0a22d1d01f19bc65"	"CN=LJHG2793"	"CN=LJHG2793"	"4/11/2022 8:00:00 PM"	""	"Server Authentication"	"6ab36d314cbe40a947f9bfb594729e13"	"653c7a61b1a3960a7fb16255cbc1628ae765ea28"	""	""
"CA"	"6e6fe150fb6e22fbd7bd11bce7a3dabf48b56483"	"CN=NCU-STM-KEYID-FB17D70D734870E919C4E8E603975E664E0E43DE"	"CN=Microsoft TPM Root Certificate Authority 2014, O=Microsoft Corporation, L=Redmond, S=Washington, C=US"	"6/18/2025 3:16:36 PM"	"d4ffdb19ba590fffaa34db5f4b568706a2978436"	"1.3.6.1.4.1.311.21.36 / Attestation Identity Key Certificate"	"33000002e762aebe09ee6fb3450000000002e7"	"6c63c20f635b5e81a3a1c39aa68e66a887970422"	"7a8c0ace2f486217e294d1ae55c152ec7174a456"	""
"CA"	"6bc26982038699f31457216bc45258e932b170cb"	"CN=LJHG2793"	"CN=LJHG2793"	"4/13/2022 8:00:00 PM"	""	"Server Authentication"	"298975b741ffb5ad4776650cecd6d951"	"20416bc509cda7b0484df7a521ad9d1a0b8609d4"	""	""
"CA"	"6b3f201fad956578e92831e4768d8a04128f04bb"	"CN=LJHG2793"	"CN=LJHG2793"	"5/7/2022 8:00:00 PM"	""	"Server Authentication"	"2376b78117a93fbd4bda27968a9e350f"	"749bb4d6db61e8041e8575eaa3f4de2411f15649"	""	""
"CA"	"69a657fd35f972cf97041e2b40bd0e5b90ec536a"	"CN=LJHG2793"	"CN=LJHG2793"	"4/28/2022 8:00:00 PM"	""	"Server Authentication"	"5ce9f992cb7bc6b743ede89d0b514ba0"	"df5ae4ae603cca9626ab6371f17327fa2d9094ad"	""	""
"CA"	"6473851e4cb84cdf27361046518ba3c17a01474f"	"CN=LJHG2793"	"CN=LJHG2793"	"3/31/2022 8:00:00 PM"	""	"Server Authentication"	"3a0a498f294f59af45a2493aefcc862b"	"32016395b55b994ba7b8d21d0fb9f1ad7867857c"	""	""
"CA"	"6351685180ae8d418f2fcd7ec653df485fc0eea1"	"CN=LJHG2793"	"CN=LJHG2793"	"4/28/2022 8:00:00 PM"	""	"Server Authentication"	"5945c2d7e901c0af4df84e1f2a28702f"	"74d50d21a927690d9d13457128245b73de710f04"	""	""
"CA"	"62adb7de6df5cafe02dd3af4ba7820bf593c1e5f"	"CN=LJHG2793"	"CN=LJHG2793"	"5/6/2022 8:00:00 PM"	""	"Server Authentication"	"1e7047a4b7a9819548a9afb03922d9ba"	"8e2f8579857967b59449ef6be139ba9ce629ce5f"	""	""
"CA"	"62480e9ea6dd8e261f2a77e6943672d10cf25b87"	"CN=LJHG2793"	"CN=LJHG2793"	"5/5/2022 8:00:00 PM"	""	"Server Authentication"	"627b527fbeac038e4ee56a23b0c7bfa1"	"0ed12d35cf26ae3956c819559763623792bad53b"	""	""
"CA"	"60a7a5071070da487d194d54470782af3e235f35"	"CN=LJHG2793"	"CN=LJHG2793"	"3/17/2022 8:00:00 PM"	""	"Server Authentication"	"1ef57326689ab4bd407449ee97fcd44c"	"42b16839fd75b41a3ccad4a37b8f9228d310bbc4"	""	""
"CA"	"5f364a15b81f1df448a0f9bc41f0b50e62f1fd29"	"CN=LJHG2793"	"CN=LJHG2793"	"3/28/2022 8:00:00 PM"	""	"Server Authentication"	"4ea2c312ee72739f45a772f74484b1c1"	"0a129d77178b7b4997751c8f307c35bad2abcfab"	""	""
"CA"	"535bb5abdf27d22581add9ed7dd8999b6ceacdea"	"CN=LJHG2793"	"CN=LJHG2793"	"3/29/2022 8:00:00 PM"	""	"Server Authentication"	"27239cf4b33dd7974c3b971070274d8c"	"b365e7e403ab0ac527c33e744b932c78ed0a1010"	""	""
"CA"	"52567e3ce13dcfe391d0a26132fd19992cab9ee0"	"CN=LJHG2793"	"CN=LJHG2793"	"3/17/2022 8:00:00 PM"	""	"Server Authentication"	"4fb4f62362882eba42539224fbc32141"	"48000efa923a03769178b4816c30a84b15012e40"	""	""
"CA"	"5056c09adb82b6ae774ce9aab3044ebc0b4fa0be"	"CN=LJHG2793"	"CN=LJHG2793"	"3/18/2022 8:00:00 PM"	""	"Server Authentication"	"2c1dc205715a289149459c6d086899aa"	"7262860de0d7fd46e7f7fde3f88c06ba004193f5"	""	""
"CA"	"4b0136e0a770444c8980e8f0bfe1119298bde811"	"CN=LJHG2793"	"CN=LJHG2793"	"3/15/2022 8:00:00 PM"	""	"Server Authentication"	"5ca23ea0781b389b4787eb100dffe220"	"83785a5f7824be9143a208f671e0ec8a670e4eca"	""	""
"CA"	"4aaf133e33244f851691cdc81c5c5adf1d1fe9d8"	"CN=LJHG2793"	"CN=LJHG2793"	"4/14/2022 8:00:00 PM"	""	"Server Authentication"	"140e524204d74cbb4d0cc959a2cb826d"	"e67d1bf76d9bfb48c010a453366987ebb2715736"	""	""
"CA"	"4a6e1cbe074db9cc3698250f9f1e60e100b827dd"	"CN=LJHG2793"	"CN=LJHG2793"	"3/16/2022 8:00:00 PM"	""	"Server Authentication"	"5ffc5dc2c80cacab4c5951c21a99c391"	"7825f613484c101d43764d3a65e1071bdb5ac128"	""	""
"CA"	"49c4ef81f63788ea2ebc95bccc5d6a083ffce9c7"	"CN=LJHG2793"	"CN=LJHG2793"	"4/29/2022 8:00:00 PM"	""	"Server Authentication"	"60d26662d7a7d685406bf4fa3be05ffe"	"218c78cea755ed9ff5a903046ca2e4289449c36c"	""	""
"CA"	"495847a93187cfb8c71f840cb7b41497ad95c64f"	"CN=VeriSign Class 3 Code Signing 2010 CA, OU=Terms of use at https://www.verisign.com/rpa (c)10, OU=VeriSign Trust Network, O=""VeriSign, Inc."", C=US"	"CN=VeriSign Class 3 Public Primary Certification Authority - G5, OU=""(c) 2006 VeriSign, Inc. - For authorized use only"", OU=VeriSign Trust Network, O=""VeriSign, Inc."", C=US"	"2/7/2020 6:59:59 PM"	"4eb6d578499b1ccf5f581ead56be3d9b6744a5e5"	"Client Authentication / Code Signing"	"5200e5aa2556fc1a86ed96c9d44b33c7"	"cf99a9ea7b26f44bc98e8fd7f00526efe3d2a79d"	"7fd365a7c2ddecbbf03009f34339fa02af333133"	""
"CA"	"485de1dd19fd78f73d66e4f552ea5521d43a36fe"	"CN=LJHG2793"	"CN=LJHG2793"	"3/16/2022 8:00:00 PM"	""	"Server Authentication"	"441e7a578e1e8e814828dc8cc69a4bdd"	"5098b807b109cd7d0efab6204037f8f7bab99211"	""	""
"CA"	"4806be7e4beaec05877461fa7d031bfa7fc3092c"	"CN=Windows Admin Center"	"CN=Windows Admin Center"	"3/17/2031 4:38:46 PM"	""	"Server Authentication"	"13edcd8eecafe39f4e303af41fcb2b3c"	"dbf29f686fd9531fafd772ab13b2031d89c960ef"	""	""
"CA"	"468b8a65301b90946818a050dcc4d39189a64021"	"CN=Charley Bailey Code Signing Cert"	"CN=Charley Bailey Code Signing Cert"	"5/6/2022 6:59:14 PM"	""	"Code Signing"	"7fd240a2a6f98db042dcddb1caf9d34e"	"9165a2097366e443faac2e84159aa2a4dcd2f4bd"	""	""
"CA"	"45f334775aa795850ce031312cf7b28ce9f8f0ce"	"CN=LJHG2793"	"CN=LJHG2793"	"3/16/2022 8:00:00 PM"	""	"Server Authentication"	"537b58cffcff268d436937d72c4472d5"	"d00c2fb254182f0a95c863e8f009d0d4d4af5008"	""	""
"CA"	"445545b56b50b2d244e9700c390fe9f69adc43ca"	"CN=LJHG2793"	"CN=LJHG2793"	"4/14/2022 8:00:00 PM"	""	"Server Authentication"	"6ce6254bd7186d8b425ff4322c4028e9"	"194910790f6e5d5c118d8a44ffec12ab8a2b564a"	""	""
"CA"	"43dd1016951039cbb8b82ec501b2632f799d7d04"	"CN=LJHG2793"	"CN=LJHG2793"	"4/9/2022 8:00:00 PM"	""	"Server Authentication"	"72c6243a25defd9f48d35d2d37a62f21"	"1849f800c0ae512495108f43b5d4995d349ccff9"	""	""
"CA"	"439bfa0f0b805fcfc1d0135f8c9a6c7861d7b72d"	"CN=LJHG2793"	"CN=LJHG2793"	"4/16/2022 8:00:00 PM"	""	"Server Authentication"	"68070200fb91288144bd3300249fbb65"	"001179e96b29c4a5517be6d0fc50cfc099cf5138"	""	""
"CA"	"427ac4ae69f6bbee7b0474df693de1873462e055"	"CN=testPC1"	"CN=testPC1"	"5/6/2022 6:59:24 PM"	""	"Code Signing"	"1ae8ce9c9f9629a440cabd25b3b5e9de"	"6fc41cab4ee790c854bd0b709fa58872594061cb"	""	""
"CA"	"420244b1ee1817892573e2aa4d94fd6cf8d260d7"	"CN=LJHG2793"	"CN=LJHG2793"	"4/27/2022 8:00:00 PM"	""	"Server Authentication"	"401210101d57cc8f4a92be85a5b034a0"	"2e86d84ce2604ceebc5847fb979124c880f3e386"	""	""
"CA"	"415100a7a759e19743cf85dac87738bffae4af39"	"CN=EUS-STM-KEYID-FB17D70D734870E919C4E8E603975E664E0E43DE"	"CN=Microsoft TPM Root Certificate Authority 2014, O=Microsoft Corporation, L=Redmond, S=Washington, C=US"	"6/18/2025 3:16:31 PM"	"d4ffdb19ba590fffaa34db5f4b568706a2978436"	"1.3.6.1.4.1.311.21.36 / Attestation Identity Key Certificate"	"33000002e15d0b9145561c35c60000000002e1"	"8ab117ead6beefbb6a2912f9ade14df4f7a439b6"	"7a8c0ace2f486217e294d1ae55c152ec7174a456"	""
"CA"	"40192bdad4b494f488e0eac10a931efb866a9bf4"	"CN=LJHG2793"	"CN=LJHG2793"	"4/17/2022 8:00:00 PM"	""	"Server Authentication"	"48e01907ce877799486156ea5995158e"	"fbd348da9e6ae1a6457c69c4e6337e611d2ebab9"	""	""
"CA"	"3d407b2ec816c87d7b22e79314f1d834bdc91a88"	"CN=LJHG2793"	"CN=LJHG2793"	"3/22/2022 8:00:00 PM"	""	"Server Authentication"	"6cf1384e6a4f538b489b0c2a8e7e9faf"	"c599e934eb1a8652cde3742ea5e2419cc802498f"	""	""
"CA"	"35ebd5b43622cf79995272f0a4b68e43750c6ae4"	"CN=LJHG2793"	"CN=LJHG2793"	"4/15/2022 8:00:00 PM"	""	"Server Authentication"	"698101fddf9ea1a14a8f2d2cb71206d1"	"a255b5e56e59022a1c989ff307af56537afeddb8"	""	""
"CA"	"342650f89b0319bf4bd2d3e594f67118c559faa7"	"CN=LJHG2793"	"CN=LJHG2793"	"5/3/2022 8:00:00 PM"	""	"Server Authentication"	"1185bc1313de4b9b41874f960e74fe3c"	"fedec268049af827a1c07cf5f64082eaf32e09c4"	""	""
"CA"	"2e4bf176ead99e6a9f40dd00d63d9f308e518048"	"CN=LJHG2793"	"CN=LJHG2793"	"4/15/2022 8:00:00 PM"	""	"Server Authentication"	"72dab8e5d09851804ce5624a7c2f76ce"	"5d42732470c554fbb683ba3835c34a159ac499cc"	""	""
"CA"	"27a5a768276821f0cec044d5a2b53ca85d2dcd86"	"CN=LJHG2793"	"CN=LJHG2793"	"5/6/2022 6:59:49 PM"	""	"Code Signing"	"432646c221eba6aa407eab775a870489"	"8614d3d3585d50d78bb8572e2bf65ee6b827ea84"	""	""
"CA"	"25b6bbaa0d900f26bd20f19ba2e415a8b201f222"	"CN=LJHG2793"	"CN=LJHG2793"	"4/5/2022 8:00:00 PM"	""	"Server Authentication"	"1781df9cea5d568c44c17b33125469dc"	"64f7d891a6c6611b8eabb73a69499a033527af2f"	""	""
"CA"	"213496395d136194dafdfdc8f17af34b40d64767"	"CN=LJHG2793"	"CN=LJHG2793"	"4/14/2022 8:00:00 PM"	""	"Server Authentication"	"7f21d2f4d1d509b842985a111e83b223"	"953b0272ca7ec759c7ef6caad4db8845e011f778"	""	""
"CA"	"1dd0ccf54b0c63313b51326337215348aa6bab38"	"CN=LJHG2793"	"CN=LJHG2793"	"5/2/2022 8:00:00 PM"	""	"Server Authentication"	"12afc20b3082928843cdcb717b75de2f"	"4725647e7e9d78cbe53d5d5270a9f0fb818c55d6"	""	""
"CA"	"1b522efdfbd0f2d21aa8ae30c3b951c81d697062"	"CN=LJHG2793"	"CN=LJHG2793"	"4/8/2022 8:00:00 PM"	""	"Server Authentication"	"7843061a4c63da97469d219ccc6f5fdb"	"a1c9935c0e5d0ebf9fdb76bd5074f4e0cf677e17"	""	""
"CA"	"18c29bc1bc22d02fa7d5edb1013dce0450426498"	"CN=LJHG2793"	"CN=LJHG2793"	"3/14/2022 8:00:00 PM"	""	"Server Authentication"	"1bd1c55463db409043be4cce82037e7c"	"8f33aad80304fb9c2c3c27daada1098ab59827a8"	""	""
"CA"	"14297dfe667749e78e4be7f4bf93efd33e05a6ed"	"CN=LJHG2793"	"CN=LJHG2793"	"3/21/2022 8:00:00 PM"	""	"Server Authentication"	"252058d057b403a141235911447d3b69"	"fe07fa1fa3e3b5b1032dd803f88cea939f41534f"	""	""
"CA"	"1392e4c7ff25b9517e931077bbe2664dc87ef70d"	"CN=Symantec Class 3 SHA256 Code Signing CA - G2, OU=Symantec Trust Network, O=Symantec Corporation, C=US"	"CN=VeriSign Universal Root Certification Authority, OU=""(c) 2008 VeriSign, Inc. - For authorized use only"", OU=VeriSign Trust Network, O=""VeriSign, Inc."", C=US"	"7/21/2024 7:59:59 PM"	"3679ca35668772304d30a5fb873b0fa77bb70d54"	"Code Signing"	"7c1b35354ae7db74e7415f1169ca6ba8"	"d4c0062249eb394bdd93e25ca1b8477609720358"	"b677fa6948479f5312d5c2ea07327607d1970719"	""
"CA"	"1107b09c494402e74ac086991995a0cd408893a1"	"CN=LJHG2793"	"CN=LJHG2793"	"3/15/2022 8:00:00 PM"	""	"Server Authentication"	"159af8d92011e9b740dc47e59d0a1096"	"5e76fdfc1dd023cc2d51efddad0f0ad0d4d773bf"	""	""
"CA"	"109f1caed645bb78b3ea2b94c0697c740733031c"	"CN=Microsoft Windows Hardware Compatibility, OU=Microsoft Corporation, OU=Microsoft Windows Hardware Compatibility Intermediate CA, OU=Copyright (c) 1997 Microsoft Corp."	"CN=Microsoft Root Authority, OU=Microsoft Corporation, OU=Copyright (c) 1997 Microsoft Corp."	"12/31/2002 2:00:00 AM"	""	"Code Signing / Windows Hardware Driver Verification"	"198b11d13f9a8ffe69a0"	""	"5bd070ef69729e23517e14b24d8effcb"	""
"CA"	"0f8320d6f38bf5ce7e22312093d00181f3675ef9"	"CN=LJHG2793"	"CN=LJHG2793"	"3/31/2022 8:00:00 PM"	""	"Server Authentication"	"4cfd2df14cc259854be18ed005ebf112"	"028f6a187cfb718ec92d462534d5f2b8c15b7bba"	""	""
"CA"	"0e2dae0d0379da4cfd1ed9539d2815ae12b54bc5"	"CN=LJHG2793"	"CN=LJHG2793"	"5/4/2022 8:00:00 PM"	""	"Server Authentication"	"54a49985afc5f8b54437cc7e8433a50c"	"c4530d596ca831d63fb94f9265eece16f468e6bb"	""	""
"CA"	"0a4706287b0f1303982b1aa386224453b0cf1467"	"CN=LJHG2793"	"CN=LJHG2793"	"3/30/2022 8:00:00 PM"	""	"Server Authentication"	"2af005ee1e9305874e465d5af9a37c17"	"1830dcd1a21bc82b2f2cfb4fd075799c2e6ceb83"	""	""
"CA"	"074903c6079cb79756ea15ab6f46f3c2374bd0e4"	"CN=LJHG2793"	"CN=LJHG2793"	"5/7/2022 8:00:00 PM"	""	"Server Authentication"	"32a8cc4fee4d89b24eaea5ec1d552bcd"	"bc04e49f34e4291ec924a8ff5ce4683eb9c57647"	""	""
"CA"	"03bbc8eebde4f2b15c0b784709dc6af6cec8abcd"	"CN=LJHG2793"	"CN=LJHG2793"	"4/13/2022 8:00:00 PM"	""	"Server Authentication"	"1cc365820eef47a8413a24aa3ca8fd9c"	"e787ca0caabf1398c5f9522f51a42fdd8886e198"	""	""
"CA"	"01fece8955364c16273db63ed9a239b90cbd71f4"	"CN=LJHG2793"	"CN=LJHG2793"	"3/31/2022 8:00:00 PM"	""	"Server Authentication"	"410120991d88a9af448d7fd7aef45775"	"2b35eecd88031172681455cc7d362915348e0c31"	""	""
"CA"	"00535fb3138a7983f7b2cb7909884a257dec5461"	"CN=LJHG2793"	"CN=LJHG2793"	"4/8/2022 8:00:00 PM"	""	"Server Authentication"	"4b4abfe4a492f5a64176b96216c0562e"	"20a6a805d487c2568ad7c691450f6cc92da3cba5"	""	""
"CA"	"0032f8f7b5231c336f497d61049896026e50c786"	"CN=LJHG2793"	"CN=LJHG2793"	"4/20/2022 8:00:00 PM"	""	"Server Authentication"	"1277c245f1ef26a54e7be7a8653bb046"	"e5eed46371240300e1428c465ce29b4966eb11f1"	""	""
"CA"	"92c1588e85af2201ce7915e8538b492f605b80c6"	"CN=DigiCert SHA2 Assured ID Code Signing CA, OU=www.digicert.com, O=DigiCert Inc, C=US"	"CN=DigiCert Assured ID Root CA, OU=www.digicert.com, O=DigiCert Inc, C=US"	"10/22/2028 8:00:00 AM"	"0563b8630d62d75abbc8ab1e4bdfb5a899b24d43"	"Code Signing"	"0409181b5fd5bb66755343b56f955008"	"5ac4b97b2a0aa3a5ea7103c060f92df665750e58"	"45eba2aff492cb82312d518ba7a7219df36dc80f"	""
"Root"	"fe19c760dc05b13ae871b5f07c9a60b1e10e72d6"	"CN=LJHG2793.int.efwnow.com"	"CN=LJHG2793.int.efwnow.com"	"9/3/3020 8:41:45 AM"	""	"Server Authentication"	"66eaf2c3786d9597498d89fa1fce810f"	""	""	""
"Root"	"d69b561148f01c77c54578c10926df5b856976ad"	"CN=GlobalSign, O=GlobalSign, OU=GlobalSign Root CA - R3"	"CN=GlobalSign, O=GlobalSign, OU=GlobalSign Root CA - R3"	"3/18/2029 6:00:00 AM"	""	""	"04000000000121585308a2"	"8ff04b7fa82e4524ae4d50fa639a8bdee2dd1bbc"	""	""
"Root"	"cdd4eeae6000ac7f40c3802c171e30148030c072"	"CN=Microsoft Root Certificate Authority, DC=microsoft, DC=com"	"CN=Microsoft Root Certificate Authority, DC=microsoft, DC=com"	"5/9/2021 7:28:13 PM"	""	""	"79ad16a14aa0a5ad4c7358f407132e65"	"0eac826040562797e52513fc2ae10a539559e4a4"	""	""
"Root"	"ccbf632b9556e01345e64cfbf7e6d62e87daf4eb"	"C=US + S=CA + OU=ESG + L=Mountain View + O=Symantec Corporation + CN=Second1.int.efwnow.com"	"C=US + S=CA + OU=ESG + L=Mountain View + O=Symantec Corporation + CN=Second1.int.efwnow.com"	"5/7/2027 4:48:54 PM"	""	""	"ff77a28efdb854dc8240ff1f97dc97ba"	""	""	""
"Root"	"be36a4562fb2ee05dbb3d32323adf445084ed656"	"CN=Thawte Timestamping CA, OU=Thawte Certification, O=Thawte, L=Durbanville, S=Western Cape, C=ZA"	"CN=Thawte Timestamping CA, OU=Thawte Certification, O=Thawte, L=Durbanville, S=Western Cape, C=ZA"	"12/31/2020 6:59:59 PM"	""	""	"00"	""	""	""
"Root"	"be2db03e1281798d4476e5711bdc20a09cb6b2dc"	"CN=Charles.Bailey"	"CN=Charles.Bailey"	"6/9/2022 11:06:42 AM"	""	"Code Signing"	"18be3fda7dfaaab34067ed98c6c7e4b0"	"e7e12a7788eb9c4b274b2ef0c3e315e3f53cef78"	""	""
"Root"	"b1bc968bd4f49d622aa89a81f2150152a41d829c"	"CN=GlobalSign Root CA, OU=Root CA, O=GlobalSign nv-sa, C=BE"	"CN=GlobalSign Root CA, OU=Root CA, O=GlobalSign nv-sa, C=BE"	"1/28/2028 7:00:00 AM"	""	""	"040000000001154b5ac394"	"607b661a450d97ca89502f7d04cd34a8fffcfd4b"	""	""
"Root"	"a43489159a520f0d93d032ccaf37e7fe20a8b419"	"CN=Microsoft Root Authority, OU=Microsoft Corporation, OU=Copyright (c) 1997 Microsoft Corp."	"CN=Microsoft Root Authority, OU=Microsoft Corporation, OU=Copyright (c) 1997 Microsoft Corp."	"12/31/2020 2:00:00 AM"	""	""	"00c1008b3c3c8811d13ef663ecdf40"	""	"5bd070ef69729e23517e14b24d8effcb"	""
"Root"	"92b46c76e13054e104f230517e6e504d43ab10b5"	"CN=Symantec Enterprise Mobile Root for Microsoft, O=Symantec Corporation, C=US"	"CN=Symantec Enterprise Mobile Root for Microsoft, O=Symantec Corporation, C=US"	"3/14/2032 7:59:59 PM"	""	""	"0f6b552f9ebf907b0f6629a9bdf4d8ce"	"4decdf2606dc2410c0b699f4d739c76f19f82628"	""	""
"Root"	"8f43288ad272f3103b6fb1428485ea3014c0bcfe"	"CN=Microsoft Root Certificate Authority 2011, O=Microsoft Corporation, L=Redmond, S=Washington, C=US"	"CN=Microsoft Root Certificate Authority 2011, O=Microsoft Corporation, L=Redmond, S=Washington, C=US"	"3/22/2036 6:13:04 PM"	""	""	"3f8bc8b5fc9fb29643b569d66c42e144"	"722d3a02319043b914054ee1eaa7c731d1238934"	""	""
"Root"	"875b6b1ac3c5085791bfe3e5bb2b3f828c548848"	"CN=Charles.Bailey"	"CN=Charles.Bailey"	"5/8/2022 1:26:44 PM"	""	"Code Signing"	"328a7bc6041ebbb241f2953736dc02b2"	"b8826af4a5ee2273f06028d177fa548c81df22b2"	""	""
"Root"	"82c87096616531a691512b625fffb7d6a6a4d0e1"	"CN=Logitech Inc, O=Logitech Inc, L=Newark, S=California, C=US"	"CN=DigiCert SHA2 Assured ID Code Signing CA, OU=www.digicert.com, O=DigiCert Inc, C=US"	"8/2/2022 8:00:00 AM"	""	"Code Signing"	"0c163d1a967acd9d3cbe67ff8b734ba7"	"23596be839e1656083afd055a5c3905ce15508ad"	"5ac4b97b2a0aa3a5ea7103c060f92df665750e58"	""
"Root"	"7f88cd7223f3c813818c994614a89c99fa3b5247"	"CN=Microsoft Authenticode(tm) Root Authority, O=MSFT, C=US"	"CN=Microsoft Authenticode(tm) Root Authority, O=MSFT, C=US"	"12/31/1999 6:59:59 PM"	""	""	"01"	""	"1a1be75b9ffd8c2ac339ae0c622e5332"	""
"Root"	"5d3baba7ff4f6a799aa55f3691f5c83a39613550"	"CN=localhost"	"CN=localhost"	"12/31/9999 6:59:59 PM"	""	"Server Authentication"	"00e837402097dbb2bc"	""	""	""
"Root"	"4806be7e4beaec05877461fa7d031bfa7fc3092c"	"CN=Windows Admin Center"	"CN=Windows Admin Center"	"3/17/2031 4:38:46 PM"	""	"Server Authentication"	"13edcd8eecafe39f4e303af41fcb2b3c"	"dbf29f686fd9531fafd772ab13b2031d89c960ef"	""	""
"Root"	"47beabc922eae80e78783462a79f45c254fde68b"	"CN=Go Daddy Root Certificate Authority - G2, O=""GoDaddy.com, Inc."", L=Scottsdale, S=Arizona, C=US"	"CN=Go Daddy Root Certificate Authority - G2, O=""GoDaddy.com, Inc."", L=Scottsdale, S=Arizona, C=US"	"12/31/2037 6:59:59 PM"	""	""	"00"	"3a9a8507106728b6eff6bd05416e20c194da0fde"	""	""
"Root"	"3b1efd3a66ea28b16697394703a72ca340a05bd5"	"CN=Microsoft Root Certificate Authority 2010, O=Microsoft Corporation, L=Redmond, S=Washington, C=US"	"CN=Microsoft Root Certificate Authority 2010, O=Microsoft Corporation, L=Redmond, S=Washington, C=US"	"6/23/2035 6:04:01 PM"	""	""	"28cc3a25bfba44ac449a9b586b4339aa"	"d5f656cb8fe8a25c6268d13d94905bd7ce9a18c4"	""	""
"Root"	"31f9fc8ba3805986b721ea7295c65b3a44534274"	"CN=Microsoft ECC TS Root Certificate Authority 2018, O=Microsoft Corporation, L=Redmond, S=Washington, C=US"	"CN=Microsoft ECC TS Root Certificate Authority 2018, O=Microsoft Corporation, L=Redmond, S=Washington, C=US"	"2/27/2043 4:00:12 PM"	""	""	"153875e1647ed1b047b4efaf41128245"	"e847c8429ab09dae6f0b283b98158fe3b1e880b2"	""	""
"Root"	"245c97df7514e7cf2df8be72ae957b9e04741e85"	"OU=Copyright (c) 1997 Microsoft Corp., OU=Microsoft Time Stamping Service Root, OU=Microsoft Corporation, O=Microsoft Trust Network"	"OU=Copyright (c) 1997 Microsoft Corp., OU=Microsoft Time Stamping Service Root, OU=Microsoft Corporation, O=Microsoft Trust Network"	"12/30/1999 6:59:59 PM"	""	""	"01"	""	""	""
"Root"	"18f7c1fcc3090203fd5baa2f861a754976c8dd25"	"OU=""NO LIABILITY ACCEPTED, (c)97 VeriSign, Inc."", OU=VeriSign Time Stamping Service Root, OU=""VeriSign, Inc."", O=VeriSign Trust Network"	"OU=""NO LIABILITY ACCEPTED, (c)97 VeriSign, Inc."", OU=VeriSign Time Stamping Service Root, OU=""VeriSign, Inc."", O=VeriSign Trust Network"	"1/7/2004 6:59:59 PM"	""	""	"4a19d2388c82591ca55d735f155ddca3"	""	""	""
"Root"	"06f1aa330b927b753a40e68cdf22e34bcbef3352"	"CN=Microsoft ECC Product Root Certificate Authority 2018, O=Microsoft Corporation, L=Redmond, S=Washington, C=US"	"CN=Microsoft ECC Product Root Certificate Authority 2018, O=Microsoft Corporation, L=Redmond, S=Washington, C=US"	"2/27/2043 3:50:46 PM"	""	""	"14982666dc7ccd8f4053677bb999ec85"	"43ef7087b89dbfec8819dcc6c46b750d75343308"	""	""
"Root"	"0563b8630d62d75abbc8ab1e4bdfb5a899b24d43"	"CN=DigiCert Assured ID Root CA, OU=www.digicert.com, O=DigiCert Inc, C=US"	"CN=DigiCert Assured ID Root CA, OU=www.digicert.com, O=DigiCert Inc, C=US"	"11/9/2031 7:00:00 PM"	""	""	"0ce7e0e517d846fe8fe560fc1bf03039"	"45eba2aff492cb82312d518ba7a7219df36dc80f"	"45eba2aff492cb82312d518ba7a7219df36dc80f"	""
"Root"	"0119e81be9a14cd8e22f40ac118c687ecba3f4d8"	"CN=Microsoft Time Stamp Root Certificate Authority 2014, O=Microsoft Corporation, L=Redmond, S=Washington, C=US"	"CN=Microsoft Time Stamp Root Certificate Authority 2014, O=Microsoft Corporation, L=Redmond, S=Washington, C=US"	"10/22/2039 6:15:19 PM"	""	""	"2fd67a432293329045e953343ee27466"	"cbd1f2ce48fd019fea56aa57d17e9958f83fffe0"	""	""
"Root"	"f9b5b632455f9cbeec575f80dce96e2cc7b278b7"	"CN=AffirmTrust Commercial, O=AffirmTrust, C=US"	"CN=AffirmTrust Commercial, O=AffirmTrust, C=US"	"12/31/2030 9:06:06 AM"	""	""	"7777062726a9b17c"	"9d93c6538b5ecaaf3f9f1e0fe59995bc24f6948f"	""	""
"Root"	"f373b387065a28848af2f34ace192bddc78e9cac"	"CN=Actalis Authentication Root CA, O=Actalis S.p.A./03358520967, L=Milan, C=IT"	"CN=Actalis Authentication Root CA, O=Actalis S.p.A./03358520967, L=Milan, C=IT"	"9/22/2030 7:22:02 AM"	""	""	"570a119742c4e3cc"	"52d8883ac89f7866ed89f37b387094c9020236d0"	"52d8883ac89f7866ed89f37b387094c9020236d0"	""
"Root"	"e12dfb4b41d7d9c32b30514bac1d81d8385e2d46"	"CN=UTN-USERFirst-Object, OU=http://www.usertrust.com, O=The USERTRUST Network, L=Salt Lake City, S=UT, C=US"	"CN=UTN-USERFirst-Object, OU=http://www.usertrust.com, O=The USERTRUST Network, L=Salt Lake City, S=UT, C=US"	"7/9/2019 2:40:36 PM"	""	"Code Signing / Time Stamping / Encrypting File System"	"44be0c8b500024b411d3362de0b35f1b"	"daed6474149c143cabdd99a9bd5b284d8b3cc9d8"	""	""
"Root"	"df3c24f9bfd666761b268073fe06d1cc8d4f82a4"	"CN=DigiCert Global Root G2, OU=www.digicert.com, O=DigiCert Inc, C=US"	"CN=DigiCert Global Root G2, OU=www.digicert.com, O=DigiCert Inc, C=US"	"1/15/2038 7:00:00 AM"	""	""	"033af1e6a711a9a0bb2864b11d09fae5"	"4e2254201895e6e36ee60ffafab912ed06178f39"	""	""
"Root"	"de3f40bd5093d39b6c60f6dabc076201008976c9"	"CN=QuoVadis Root Certification Authority, OU=Root Certification Authority, O=QuoVadis Limited, C=BM"	"CN=QuoVadis Root Certification Authority, OU=Root Certification Authority, O=QuoVadis Limited, C=BM"	"3/17/2021 2:33:33 PM"	""	""	"3ab6508b"	"8b4b6dedd329b90619ec3939a9f097846acbefdf"	"8b4b6dedd329b90619ec3939a9f097846acbefdf"	""
"Root"	"de28f4a4ffe5b92fa3c503d1a349a7f9962a8212"	"CN=GeoTrust Global CA, O=GeoTrust Inc., C=US"	"CN=GeoTrust Global CA, O=GeoTrust Inc., C=US"	"5/21/2022 12:00:00 AM"	""	""	"023456"	"c07a98688d89fbab05640c117daa7d65b8cacc4e"	"c07a98688d89fbab05640c117daa7d65b8cacc4e"	""
"Root"	"dac9024f54d8f6df94935fb1732638ca6ad77c13"	"CN=DST Root CA X3, O=Digital Signature Trust Co."	"CN=DST Root CA X3, O=Digital Signature Trust Co."	"9/30/2021 10:01:15 AM"	""	""	"44afb080d6a327ba893039862ef8406b"	"c4a7b1a47b2c71fadbe14b9075ffc41560858910"	""	""
"Root"	"d69b561148f01c77c54578c10926df5b856976ad"	"CN=GlobalSign, O=GlobalSign, OU=GlobalSign Root CA - R3"	"CN=GlobalSign, O=GlobalSign, OU=GlobalSign Root CA - R3"	"3/18/2029 6:00:00 AM"	""	""	"04000000000121585308a2"	"8ff04b7fa82e4524ae4d50fa639a8bdee2dd1bbc"	""	""
"Root"	"d4de20d05e66fc53fe1a50882c78db2852cae474"	"CN=Baltimore CyberTrust Root, OU=CyberTrust, O=Baltimore, C=IE"	"CN=Baltimore CyberTrust Root, OU=CyberTrust, O=Baltimore, C=IE"	"5/12/2025 7:59:00 PM"	""	""	"020000b9"	"e59d5930824758ccacfa085436867b3ab5044df0"	""	""
"Root"	"d1eb23a46d17d68fd92564c2f1f1601764d8e349"	"CN=AAA Certificate Services, O=Comodo CA Limited, L=Salford, S=Greater Manchester, C=GB"	"CN=AAA Certificate Services, O=Comodo CA Limited, L=Salford, S=Greater Manchester, C=GB"	"12/31/2028 6:59:59 PM"	""	""	"01"	"a0110a233e96f107ece2af29ef82a57fd030a4b4"	""	""
"Root"	"cabd2a79a1076a31f21d253635cb039d4329a5e8"	"CN=ISRG Root X1, O=Internet Security Research Group, C=US"	"CN=ISRG Root X1, O=Internet Security Research Group, C=US"	"6/4/2035 7:04:38 AM"	""	""	"008210cfb0d240e3594463e0bb63828b00"	"79b459e67bb6e5e40173800888c81a58f6e99b6e"	""	""
"Root"	"ca3afbcf1240364b44b216208880483919937cf7"	"CN=QuoVadis Root CA 2, O=QuoVadis Limited, C=BM"	"CN=QuoVadis Root CA 2, O=QuoVadis Limited, C=BM"	"11/24/2031 1:23:33 PM"	""	""	"0509"	"1a8462bc484c332504d4eed0f603c41946d1946b"	"1a8462bc484c332504d4eed0f603c41946d1946b"	""
"Root"	"b51c067cee2b0c3df855ab2d92f4fe39d4e70f0e"	"CN=Starfield Root Certificate Authority - G2, O=""Starfield Technologies, Inc."", L=Scottsdale, S=Arizona, C=US"	"CN=Starfield Root Certificate Authority - G2, O=""Starfield Technologies, Inc."", L=Scottsdale, S=Arizona, C=US"	"12/31/2037 6:59:59 PM"	""	""	"00"	"7c0c321fa7d9307fc47d68a362a8a1ceab075b27"	""	""
"Root"	"b31eb1b740e36c8402dadc37d44df5d4674952f9"	"CN=Entrust Root Certification Authority, OU=""(c) 2006 Entrust, Inc."", OU=www.entrust.net/CPS is incorporated by reference, O=""Entrust, Inc."", C=US"	"CN=Entrust Root Certification Authority, OU=""(c) 2006 Entrust, Inc."", OU=www.entrust.net/CPS is incorporated by reference, O=""Entrust, Inc."", C=US"	"11/27/2026 3:53:42 PM"	""	""	"456b5054"	"6890e467a4a65380c78666a4f1f74b43fb84bd6d"	"6890e467a4a65380c78666a4f1f74b43fb84bd6d"	""
"Root"	"b1bc968bd4f49d622aa89a81f2150152a41d829c"	"CN=GlobalSign Root CA, OU=Root CA, O=GlobalSign nv-sa, C=BE"	"CN=GlobalSign Root CA, OU=Root CA, O=GlobalSign nv-sa, C=BE"	"1/28/2028 7:00:00 AM"	""	""	"040000000001154b5ac394"	"607b661a450d97ca89502f7d04cd34a8fffcfd4b"	""	""
"Root"	"afe5d244a8d1194230ff479fe2f897bbcd7a8cb4"	"CN=COMODO RSA Certification Authority, O=COMODO CA Limited, L=Salford, S=Greater Manchester, C=GB"	"CN=COMODO RSA Certification Authority, O=COMODO CA Limited, L=Salford, S=Greater Manchester, C=GB"	"1/18/2038 6:59:59 PM"	""	""	"4caaf9cadb636fe01ff74ed85b03869d"	"bbaf7e023dfaa6f13c848eadee3898ecd93232d4"	""	""
"Root"	"ad7e1c28b064ef8f6003402014c3d0e3370eb58a"	"OU=Starfield Class 2 Certification Authority, O=""Starfield Technologies, Inc."", C=US"	"OU=Starfield Class 2 Certification Authority, O=""Starfield Technologies, Inc."", C=US"	"6/29/2034 1:39:16 PM"	""	""	"00"	"bf5fb7d1cedd1f86f45b55acdcd710c20ea988e7"	"bf5fb7d1cedd1f86f45b55acdcd710c20ea988e7"	""
"Root"	"a8985d3a65e5e5c4b2d7d66d40c6dd2fb19c5436"	"CN=DigiCert Global Root CA, OU=www.digicert.com, O=DigiCert Inc, C=US"	"CN=DigiCert Global Root CA, OU=www.digicert.com, O=DigiCert Inc, C=US"	"11/9/2031 7:00:00 PM"	""	""	"083be056904246b1a1756ac95991c74a"	"03de503556d14cbb66f0a3e21b1bc397b23dd155"	"03de503556d14cbb66f0a3e21b1bc397b23dd155"	""
"Root"	"97817950d81c9670cc34d809cf794431367ef474"	"CN=GTE CyberTrust Global Root, OU=""GTE CyberTrust Solutions, Inc."", O=GTE Corporation, C=US"	"CN=GTE CyberTrust Global Root, OU=""GTE CyberTrust Solutions, Inc."", O=GTE Corporation, C=US"	"8/13/2018 7:59:00 PM"	""	""	"01a5"	""	""	""
"Root"	"91c6d6ee3e8ac86384e548c299295c756c817b81"	"CN=thawte Primary Root CA, OU=""(c) 2006 thawte, Inc. - For authorized use only"", OU=Certification Services Division, O=""thawte, Inc."", C=US"	"CN=thawte Primary Root CA, OU=""(c) 2006 thawte, Inc. - For authorized use only"", OU=Certification Services Division, O=""thawte, Inc."", C=US"	"7/16/2036 7:59:59 PM"	""	""	"344ed55720d5edec49f42fce37db2b6d"	"7b5b45cfafcecb7afd31921a6ab6f346eb574850"	""	""
"Root"	"8cf427fd790c3ad166068de81e57efbb932272d4"	"CN=Entrust Root Certification Authority - G2, OU=""(c) 2009 Entrust, Inc. - for authorized use only"", OU=See www.entrust.net/legal-terms, O=""Entrust, Inc."", C=US"	"CN=Entrust Root Certification Authority - G2, OU=""(c) 2009 Entrust, Inc. - for authorized use only"", OU=See www.entrust.net/legal-terms, O=""Entrust, Inc."", C=US"	"12/7/2030 12:55:54 PM"	""	""	"4a538c28"	"6a72267ad01eef7de73b6951d46c8d9f901266ab"	""	""
"Root"	"8782c6c304353bcfd29692d2593e7d44d934ff11"	"CN=SecureTrust CA, O=SecureTrust Corporation, C=US"	"CN=SecureTrust CA, O=SecureTrust Corporation, C=US"	"12/31/2029 2:40:55 PM"	""	""	"0cf08e5c0816a5ad427ff0eb271859d0"	"4232b616fa04fdfe5d4b7ac3fdf74c401d5a43af"	""	""
"Root"	"75e0abb6138512271c04f85fddde38e4b7242efe"	"CN=GlobalSign, O=GlobalSign, OU=GlobalSign Root CA - R2"	"CN=GlobalSign, O=GlobalSign, OU=GlobalSign Root CA - R2"	"12/15/2021 3:00:00 AM"	""	""	"0400000000010f8626e60d"	"9be20757671c1ec06a06de59b49a2ddfdc19862e"	"9be20757671c1ec06a06de59b49a2ddfdc19862e"	""
"Root"	"742c3192e607e424eb4549542be1bbc53e6174e2"	"OU=Class 3 Public Primary Certification Authority, O=""VeriSign, Inc."", C=US"	"OU=Class 3 Public Primary Certification Authority, O=""VeriSign, Inc."", C=US"	"8/1/2028 7:59:59 PM"	""	""	"70bae41d10d92934b638ca7b03ccbabf"	""	""	""
"Root"	"627f8d7827656399d27d7f9044c9feb3f33efa9a"	"E=premium-server@thawte.com, CN=Thawte Premium Server CA, OU=Certification Services Division, O=Thawte Consulting cc, L=Cape Town, S=Western Cape, C=ZA"	"E=premium-server@thawte.com, CN=Thawte Premium Server CA, OU=Certification Services Division, O=Thawte Consulting cc, L=Cape Town, S=Western Cape, C=ZA"	"12/31/2020 6:59:59 PM"	""	""	"01"	""	""	""
"Root"	"6252dc40f71143a22fde9ef7348e064251b18118"	"CN=Certum CA, O=Unizeto Sp. z o.o., C=PL"	"CN=Certum CA, O=Unizeto Sp. z o.o., C=PL"	"6/11/2027 6:46:39 AM"	""	""	"010020"	""	""	""
"Root"	"5fb7ee0633e259dbad0c4c9ae6d38f1a61c7dc25"	"CN=DigiCert High Assurance EV Root CA, OU=www.digicert.com, O=DigiCert Inc, C=US"	"CN=DigiCert High Assurance EV Root CA, OU=www.digicert.com, O=DigiCert Inc, C=US"	"11/9/2031 7:00:00 PM"	""	""	"02ac5c266a0b409b8f0b79f2ae462577"	"b13ec36903f8bf4701d498261a0802ef63642bc3"	"b13ec36903f8bf4701d498261a0802ef63642bc3"	""
"Root"	"5d003860f002ed829deaa41868f788186d62127f"	"CN=Starfield Services Root Certificate Authority, OU=http://certificates.starfieldtech.com/repository/, O=""Starfield Technologies, Inc."", L=Scottsdale, S=Arizona, C=US"	"CN=Starfield Services Root Certificate Authority, OU=http://certificates.starfieldtech.com/repository/, O=""Starfield Technologies, Inc."", L=Scottsdale, S=Arizona, C=US"	"12/31/2029 6:59:59 PM"	""	""	"00"	"b4c67f1a43cc9b755d2fc44bf28b9810e9f15110"	"b4c67f1a43cc9b755d2fc44bf28b9810e9f15110"	""
"Root"	"590d2d7d884f402e617ea562321765cf17d894e9"	"CN=T-TeleSec GlobalRoot Class 2, OU=T-Systems Trust Center, O=T-Systems Enterprise Services GmbH, C=DE"	"CN=T-TeleSec GlobalRoot Class 2, OU=T-Systems Trust Center, O=T-Systems Enterprise Services GmbH, C=DE"	"10/1/2033 7:59:59 PM"	""	""	"01"	"bf5920360079a0a0226b8cd5f261d2b82ccb824a"	""	""
"Root"	"58e8abb0361533fb80f79b1b6d29d3ff8d5f00f0"	"CN=D-TRUST Root Class 3 CA 2 2009, O=D-Trust GmbH, C=DE"	"CN=D-TRUST Root Class 3 CA 2 2009, O=D-Trust GmbH, C=DE"	"11/5/2029 3:35:58 AM"	""	""	"0983f3"	"fdda14c49f30de21bd1e4239fcab632349e0f184"	""	""
"Root"	"51501fbfce69189d609cfaf140c576755dcc1fdf"	"CN=Hotspot 2.0 Trust Root CA - 03, O=WFA Hotspot 2.0, C=US"	"CN=Hotspot 2.0 Trust Root CA - 03, O=WFA Hotspot 2.0, C=US"	"12/8/2043 7:00:00 AM"	""	""	"0cb30f70f286a433e0b90989de01edb7"	"670e492c61179eebede054e784d99bad64607365"	""	""
"Root"	"503006091d97d4f5ae39f7cbe7927d7d652d3431"	"CN=Entrust.net Certification Authority (2048), OU=(c) 1999 Entrust.net Limited, OU=www.entrust.net/CPS_2048 incorp. by ref. (limits liab.), O=Entrust.net"	"CN=Entrust.net Certification Authority (2048), OU=(c) 1999 Entrust.net Limited, OU=www.entrust.net/CPS_2048 incorp. by ref. (limits liab.), O=Entrust.net"	"7/24/2029 10:15:12 AM"	""	""	"3863def8"	"55e481d11180bed889b908a331f9a1240916b970"	""	""
"Root"	"4eb6d578499b1ccf5f581ead56be3d9b6744a5e5"	"CN=VeriSign Class 3 Public Primary Certification Authority - G5, OU=""(c) 2006 VeriSign, Inc. - For authorized use only"", OU=VeriSign Trust Network, O=""VeriSign, Inc."", C=US"	"CN=VeriSign Class 3 Public Primary Certification Authority - G5, OU=""(c) 2006 VeriSign, Inc. - For authorized use only"", OU=VeriSign Trust Network, O=""VeriSign, Inc."", C=US"	"7/16/2036 7:59:59 PM"	""	""	"18dad19e267de8bb4a2158cdcc6b3b4a"	"7fd365a7c2ddecbbf03009f34339fa02af333133"	""	""
"Root"	"47beabc922eae80e78783462a79f45c254fde68b"	"CN=Go Daddy Root Certificate Authority - G2, O=""GoDaddy.com, Inc."", L=Scottsdale, S=Arizona, C=US"	"CN=Go Daddy Root Certificate Authority - G2, O=""GoDaddy.com, Inc."", L=Scottsdale, S=Arizona, C=US"	"12/31/2037 6:59:59 PM"	""	""	"00"	"3a9a8507106728b6eff6bd05416e20c194da0fde"	""	""
"Root"	"36b12b49f9819ed74c9ebc380fc6568f5dacb2f7"	"OU=Security Communication RootCA1, O=SECOM Trust.net, C=JP"	"OU=Security Communication RootCA1, O=SECOM Trust.net, C=JP"	"9/30/2023 12:20:49 AM"	""	""	"00"	"a073499968dc855b65e39b282f579fbd33bc0748"	""	""
"Root"	"3679ca35668772304d30a5fb873b0fa77bb70d54"	"CN=VeriSign Universal Root Certification Authority, OU=""(c) 2008 VeriSign, Inc. - For authorized use only"", OU=VeriSign Trust Network, O=""VeriSign, Inc."", C=US"	"CN=VeriSign Universal Root Certification Authority, OU=""(c) 2008 VeriSign, Inc. - For authorized use only"", OU=VeriSign Trust Network, O=""VeriSign, Inc."", C=US"	"12/1/2037 6:59:59 PM"	""	""	"401ac46421b31321030ebbe4121ac51d"	"b677fa6948479f5312d5c2ea07327607d1970719"	""	""
"Root"	"2b8f1b57330dbba2d07a6c51f70ee90ddab9ad8e"	"CN=USERTrust RSA Certification Authority, O=The USERTRUST Network, L=Jersey City, S=New Jersey, C=US"	"CN=USERTrust RSA Certification Authority, O=The USERTRUST Network, L=Jersey City, S=New Jersey, C=US"	"1/18/2038 6:59:59 PM"	""	""	"01fd6d30fca3ca51a81bbc640e35032d"	"5379bf5aaa2b4acf5480e1d89bc09df2b20366cb"	""	""
"Root"	"2796bae63f1801e277261ba0d77770028f20eee4"	"OU=Go Daddy Class 2 Certification Authority, O=""The Go Daddy Group, Inc."", C=US"	"OU=Go Daddy Class 2 Certification Authority, O=""The Go Daddy Group, Inc."", C=US"	"6/29/2034 1:06:20 PM"	""	""	"00"	"d2c4b0d291d44c1171b361cb3da1fedda86ad4e3"	"d2c4b0d291d44c1171b361cb3da1fedda86ad4e3"	""
"Root"	"093c61f38b8bdc7d55df7538020500e125f5c836"	"CN=QuoVadis Root CA 2 G3, O=QuoVadis Limited, C=BM"	"CN=QuoVadis Root CA 2 G3, O=QuoVadis Limited, C=BM"	"1/12/2042 1:59:32 PM"	""	""	"445734245b81899b35f2ceb82b3b5ba726f07528"	"ede76f765abf60ec495bc6a577bb7216719bc43d"	""	""
"Root"	"07e032e020b72c3f192f0628a2593a19a70f069e"	"CN=Certum Trusted Network CA, OU=Certum Certification Authority, O=Unizeto Technologies S.A., C=PL"	"CN=Certum Trusted Network CA, OU=Certum Certification Authority, O=Unizeto Technologies S.A., C=PL"	"12/31/2029 7:07:37 AM"	""	""	"0444c0"	"0876cdcb07ff24f6c5cdedbb90bce284374675f7"	""	""
"Root"	"0563b8630d62d75abbc8ab1e4bdfb5a899b24d43"	"CN=DigiCert Assured ID Root CA, OU=www.digicert.com, O=DigiCert Inc, C=US"	"CN=DigiCert Assured ID Root CA, OU=www.digicert.com, O=DigiCert Inc, C=US"	"11/9/2031 7:00:00 PM"	""	""	"0ce7e0e517d846fe8fe560fc1bf03039"	"45eba2aff492cb82312d518ba7a7219df36dc80f"	"45eba2aff492cb82312d518ba7a7219df36dc80f"	""
"Root"	"02faf3e291435468607857694df5e45b68851868"	"CN=AddTrust External CA Root, OU=AddTrust External TTP Network, O=AddTrust AB, C=SE"	"CN=AddTrust External CA Root, OU=AddTrust External TTP Network, O=AddTrust AB, C=SE"	"5/30/2020 6:48:38 AM"	""	""	"01"	"adbd987a34b426f7fac42654ef03bde024cb541a"	"adbd987a34b426f7fac42654ef03bde024cb541a"	""
"Root"	"efe798870c841d4ecd8396ba1e20be58d01b3648"	"E=support@fortinet.com, CN=FG200E4Q17916358, OU=Certificate Authority, O=Fortinet, L=Sunnyvale, S=California, C=US"	"E=support@fortinet.com, CN=FG200E4Q17916358, OU=Certificate Authority, O=Fortinet, L=Sunnyvale, S=California, C=US"	"1/17/2028 7:16:42 PM"	""	""	"36ddd231b25e886f"	""	""	""
"Root"	"eccb67ed09e849c0f59dd88049e371e285f173bc"	"CN=efwnow-CARBON1-CA, DC=efwnow, DC=local"	"CN=efwnow-CARBON1-CA, DC=efwnow, DC=local"	"4/5/2031 11:36:39 AM"	""	""	"2c57eef11246f0a446781aed6377b8e6"	"96b40315bee4058cc09c02006f03271b5a2bf47e"	""	""
"Root"	"8c5a330f9b06c1647f68151b8ba25184f1f9ca70"	"E=support@fortinet.com, CN=FG100E4Q17031433, OU=Certificate Authority, O=Fortinet, L=Sunnyvale, S=California, C=US"	"E=support@fortinet.com, CN=FG100E4Q17031433, OU=Certificate Authority, O=Fortinet, L=Sunnyvale, S=California, C=US"	"2/23/2028 4:28:45 AM"	""	""	"2528e9a7"	""	""	""
"Root"	"80cd75f8a1a41de89dd1e38a26edb78aed9a5478"	"CN=efwnow-CARBON1-CA, DC=efwnow, DC=local"	"CN=efwnow-CARBON1-CA, DC=efwnow, DC=local"	"5/3/2022 8:42:39 AM"	""	""	"2a3df12bc3e83db74088b22d70faeb2c"	"63e80e6d2fef0681cea902b2f7b444d676022189"	""	""
"Root"	"7f5cdec0988262304cdc1f59e0a7a96e023508fb"	"E=efwtechsupport@efwnow.com, OU=IT, CN=dfwsecurity.efwnow.local, O=EFW, L=Richmond, S=VA, C=US"	"E=efwtechsupport@efwnow.com, OU=IT, CN=dfwsecurity.efwnow.local, O=EFW, L=Richmond, S=VA, C=US"	"6/18/2023 3:16:38 PM"	""	""	"01"	""	""	""
"Root"	"7177d33d1349a564d988b9d9a5521e9f2807596a"	"E=efwtechsupport@efwnow.com, OU=IT, CN=ordsecurity.efwnow.local, O=EFW, L=Richmond, S=VA, C=US"	"E=efwtechsupport@efwnow.com, OU=IT, CN=ordsecurity.efwnow.local, O=EFW, L=Richmond, S=VA, C=US"	"5/11/2023 6:42:35 PM"	""	""	"01"	""	""	""
"Root"	"6e4587b81ced68b714c12f9ab3fcc378daf81d5f"	"CN=estesfm-CHICAGO1-CA, DC=estesfm, DC=local"	"CN=estesfm-CHICAGO1-CA, DC=estesfm, DC=local"	"4/29/2023 4:09:50 PM"	""	""	"210c8f0c452e73974603972c59170ad2"	"cc20d695018111a40097effcc0a4d4ed931bd6a0"	""	""
"Root"	"464d34fa1e0d8c717490d4be75a80ad343caf848"	"E=efwtechsupport@efwnow.com, OU=IT, CN=atlsecurity.efwnow.local, O=EFW, L=Richmond, S=VA, C=US"	"E=efwtechsupport@efwnow.com, OU=IT, CN=atlsecurity.efwnow.local, O=EFW, L=Richmond, S=VA, C=US"	"3/5/2023 4:56:40 PM"	""	""	"01"	""	""	""
"Root"	"3a08ee4a921af43a192af27831acbb641d087ce5"	"E=efwtechsupport@efwnow.com, OU=IT, CN=laxsecurity.efwnow.local, O=EFW, L=Richmond, S=VA, C=US"	"E=efwtechsupport@efwnow.com, OU=IT, CN=laxsecurity.efwnow.local, O=EFW, L=Richmond, S=VA, C=US"	"7/17/2023 5:13:46 PM"	""	""	"01"	""	""	""
"Root"	"1df88d5707057510a2766a03c5e4e030661e8d14"	"E=efwtechsupport@efwnow.com, OU=IT, CN=mdtsecurity.efwnow.local, O=EFW, L=Richmond, S=VA, C=US"	"E=efwtechsupport@efwnow.com, OU=IT, CN=mdtsecurity.efwnow.local, O=EFW, L=Richmond, S=VA, C=US"	"3/5/2023 10:11:03 PM"	""	""	"01"	""	""	""
"Root"	"0563b8630d62d75abbc8ab1e4bdfb5a899b24d43"	"CN=DigiCert Assured ID Root CA, OU=www.digicert.com, O=DigiCert Inc, C=US"	"CN=DigiCert Assured ID Root CA, OU=www.digicert.com, O=DigiCert Inc, C=US"	"11/9/2031 7:00:00 PM"	""	""	"0ce7e0e517d846fe8fe560fc1bf03039"	"45eba2aff492cb82312d518ba7a7219df36dc80f"	"45eba2aff492cb82312d518ba7a7219df36dc80f"	""
